{"indiv_step": [0.1, 0.000001], "vol_step": [0.2, 0.000002], "v": [0.5, 0.5], "max_weight": [5000, 5000], "pop_size": [100, 100]}